pais_bloco,fk_pais,fk_calendario,populacao,id_energia
AUS,2,1,12937000.0,1
AUT,3,1,7500482.0,2
BEL,4,1,9673162.0,3
BRA,5,1,98766288.0,4
CAN,6,1,21962032.0,5
CHE,42,1,6213399.0,6
CHL,7,1,9984378.0,7
CHN,8,1,841105000.0,8
COL,9,1,21405413.0,9
DEU,15,1,78312842.0,10
DNK,11,1,4963126.0,11
ESP,40,1,34224490.0,12
EST,12,1,1376955.0,13
FIN,13,1,4612124.0,14
FRA,14,1,52185222.0,15
GBR,45,1,55896223.0,16
GRC,16,1,8831036.0,17
HUN,17,1,10367537.0,18
IDN,20,1,118347135.0,19
IND,19,1,569999178.0,20
IRL,21,1,2992050.0,21
ISL,18,1,206098.0,22
ISR,22,1,3069000.0,23
ITA,23,1,54073490.0,24
JPN,24,1,105697000.0,25
LTU,27,1,3179041.0,26
LUX,28,1,342421.0,27
LVA,26,1,2376389.0,28
MAR,30,1,15677300.0,29
MEX,29,1,51897675.0,30
NLD,31,1,13194497.0,31
NOR,33,1,3903039.0,32
NZL,32,1,2853000.0,33
POL,34,1,32783500.0,34
PRT,35,1,8643756.0,35
SGP,36,1,2112900.0,36
SVK,37,1,4557449.0,37
SVN,38,1,1738335.0,38
SWE,41,1,8098334.0,39
THA,43,1,36807997.0,40
USA,46,1,207661000.0,41
ZAF,39,1,23031441.0,42
AUS,2,2,13177000.0,43
AUT,3,2,7544201.0,44
BEL,4,2,9711115.0,45
BRA,5,2,101194394.0,46
CAN,6,2,22218463.0,47
CHE,42,2,6260956.0,48
CHL,7,2,10145765.0,49
CHN,8,2,862030000.0,50
COL,9,2,21898055.0,51
DEU,15,2,78688452.0,52
DNK,11,2,4991596.0,53
ESP,40,2,34604469.0,54
EST,12,2,1392518.0,55
FIN,13,2,4639657.0,56
FRA,14,2,52637888.0,57
GBR,45,2,56086065.0,58
GRC,16,2,8888628.0,59
HUN,17,2,10398489.0,60
IDN,20,2,121504145.0,61
IND,19,2,582837973.0,62
IRL,21,2,3036850.0,63
ISL,18,2,209137.0,64
ISR,22,2,3148000.0,65
ITA,23,2,54381345.0,66
JPN,24,2,107188000.0,67
LTU,27,2,3213622.0,68
LUX,28,2,346600.0,69
LVA,26,2,2395674.0,70
MAR,30,2,16081438.0,71
MEX,29,2,53543436.0,72
NLD,31,2,13328593.0,73
NOR,33,2,3933004.0,74
NZL,32,2,2903900.0,75
POL,34,2,33055650.0,76
PRT,35,2,8630430.0,77
SGP,36,2,2152400.0,78
SVK,37,2,4596622.0,79
SVN,38,2,1752233.0,80
SWE,41,2,8122300.0,81
THA,43,2,37834384.0,82
USA,46,2,209896000.0,83
ZAF,39,2,23698507.0,84
AUS,2,3,13380000.0,85
AUT,3,3,7586115.0,86
BEL,4,3,9741720.0,87
BRA,5,3,103666904.0,88
CAN,6,3,22491777.0,89
CHE,42,3,6307347.0,90
CHL,7,3,10307842.0,91
CHN,8,3,881940000.0,92
COL,9,3,22396318.0,93
DEU,15,3,78936666.0,94
DNK,11,3,5021861.0,95
ESP,40,3,34988947.0,96
EST,12,3,1405951.0,97
FIN,13,3,4666081.0,98
FRA,14,3,53053660.0,99
GBR,45,3,56194527.0,100
GRC,16,3,8929086.0,101
HUN,17,3,10432055.0,102
IDN,20,3,124709058.0,103
IND,19,3,596107483.0,104
IRL,21,3,3085950.0,105
ISL,18,3,212317.0,106
ISR,22,3,3278000.0,107
ITA,23,3,54751406.0,108
JPN,24,3,108707000.0,109
LTU,27,3,3244438.0,110
LUX,28,3,350450.0,111
LVA,26,3,2415819.0,112
MAR,30,3,16489452.0,113
MEX,29,3,55228203.0,114
NLD,31,3,13439322.0,115
NOR,33,3,3960612.0,116
NZL,32,3,2961300.0,117
POL,34,3,33357200.0,118
PRT,35,3,8633100.0,119
SGP,36,3,2193000.0,120
SVK,37,3,4641445.0,121
SVN,38,3,1766697.0,122
SWE,41,3,8136312.0,123
THA,43,3,38873060.0,124
USA,46,3,211909000.0,125
ZAF,39,3,24382513.0,126
AUS,2,4,13723000.0,127
AUT,3,4,7599038.0,128
BEL,4,4,9772419.0,129
BRA,5,4,106167372.0,130
CAN,6,4,22807969.0,131
CHE,42,4,6341405.0,132
CHL,7,4,10472743.0,133
CHN,8,4,900350000.0,134
COL,9,4,22897871.0,135
DEU,15,4,78967433.0,136
DNK,11,4,5045297.0,137
ESP,40,4,35373335.0,138
EST,12,4,1418169.0,139
FIN,13,4,4690574.0,140
FRA,14,4,53415250.0,141
GBR,45,4,56229974.0,142
GRC,16,4,8962022.0,143
HUN,17,4,10478720.0,144
IDN,20,4,127945196.0,145
IND,19,4,609721951.0,146
IRL,21,4,3137500.0,147
ISL,18,4,215209.0,148
ISR,22,4,3377000.0,149
ITA,23,4,55110868.0,150
JPN,24,4,110162000.0,151
LTU,27,4,3273894.0,152
LUX,28,4,355050.0,153
LVA,26,4,2437186.0,154
MAR,30,4,16902383.0,155
MEX,29,4,56945880.0,156
NLD,31,4,13545056.0,157
NOR,33,4,3985258.0,158
NZL,32,4,3023700.0,159
POL,34,4,33678899.0,160
PRT,35,4,8754365.0,161
SGP,36,4,2229800.0,162
SVK,37,4,4689623.0,163
SVN,38,4,1776132.0,164
SWE,41,4,8159955.0,165
THA,43,4,39900961.0,166
USA,46,4,213854000.0,167
ZAF,39,4,25077016.0,168
AUS,2,5,13893000.0,169
AUT,3,5,7578903.0,170
BEL,4,5,9800700.0,171
BRA,5,5,108700515.0,172
CAN,6,5,23143275.0,173
CHE,42,5,6338632.0,174
CHL,7,5,10639531.0,175
CHN,8,5,916395000.0,176
COL,9,5,23403731.0,177
DEU,15,5,78673554.0,178
DNK,11,5,5059862.0,179
ESP,40,5,35757900.0,180
EST,12,5,1429352.0,181
FIN,13,5,4711440.0,182
FRA,14,5,53715733.0,183
GBR,45,5,56225800.0,184
GRC,16,5,9046541.0,185
HUN,17,5,10540525.0,186
IDN,20,5,131213215.0,187
IND,19,5,623524219.0,188
IRL,21,5,3189550.0,189
ISL,18,5,217979.0,190
ISR,22,5,3455000.0,191
ITA,23,5,55441001.0,192
JPN,24,5,111573000.0,193
LTU,27,5,3301652.0,194
LUX,28,5,358950.0,195
LVA,26,5,2456130.0,196
MAR,30,5,17325325.0,197
MEX,29,5,58691882.0,198
NLD,31,5,13666335.0,199
NOR,33,5,4007313.0,200
NZL,32,5,3083100.0,201
POL,34,5,34015199.0,202
PRT,35,5,9093470.0,203
SGP,36,5,2262600.0,204
SVK,37,5,4739105.0,205
SVN,38,5,1793581.0,206
SWE,41,5,8192437.0,207
THA,43,5,40908471.0,208
USA,46,5,215973000.0,209
ZAF,39,5,25777964.0,210
AUS,2,6,14033000.0,211
AUT,3,6,7565525.0,212
BEL,4,6,9818227.0,213
BRA,5,6,111286504.0,214
CAN,6,6,23449808.0,215
CHE,42,6,6302504.0,216
CHL,7,6,10804869.0,217
CHN,8,6,930685000.0,218
COL,9,6,23913002.0,219
DEU,15,6,78336950.0,220
DNK,11,6,5072596.0,221
ESP,40,6,36137812.0,222
EST,12,6,1439576.0,223
FIN,13,6,4725664.0,224
FRA,14,6,53966558.0,225
GBR,45,6,56211968.0,226
GRC,16,6,9188150.0,227
HUN,17,6,10598677.0,228
IDN,20,6,134521025.0,229
IND,19,6,637451448.0,230
IRL,21,6,3238050.0,231
ISL,18,6,220154.0,232
ISR,22,6,3533000.0,233
ITA,23,6,55718260.0,234
JPN,24,6,112775000.0,235
LTU,27,6,3328664.0,236
LUX,28,6,360731.0,237
LVA,26,6,2470989.0,238
MAR,30,6,17756516.0,239
MEX,29,6,60452543.0,240
NLD,31,6,13774037.0,241
NOR,33,6,4026152.0,242
NZL,32,6,3110500.0,243
POL,34,6,34356300.0,244
PRT,35,6,9355810.0,245
SGP,36,6,2293300.0,246
SVK,37,6,4789507.0,247
SVN,38,6,1820249.0,248
SWE,41,6,8222286.0,249
THA,43,6,41882128.0,250
USA,46,6,218035000.0,251
ZAF,39,6,26480300.0,252
AUS,2,7,14192000.0,253
AUT,3,7,7568430.0,254
BEL,4,7,9830358.0,255
BRA,5,7,113939886.0,256
CAN,6,7,23725843.0,257
CHE,42,7,6281174.0,258
CHL,7,7,10969861.0,259
CHN,8,7,943455000.0,260
COL,9,7,24443926.0,261
DEU,15,7,78159814.0,262
DNK,11,7,5088419.0,263
ESP,40,7,36511638.0,264
EST,12,7,1450211.0,265
FIN,13,7,4738902.0,266
FRA,14,7,54221988.0,267
GBR,45,7,56193492.0,268
GRC,16,7,9308479.0,269
HUN,17,7,10648031.0,270
IDN,20,7,137861540.0,271
IND,19,7,651685628.0,272
IRL,21,7,3282200.0,273
ISL,18,7,221799.0,274
ISR,22,7,3613000.0,275
ITA,23,7,55955411.0,276
JPN,24,7,113872000.0,277
LTU,27,7,3355036.0,278
LUX,28,7,361358.0,279
LVA,26,7,2485073.0,280
MAR,30,7,18206472.0,281
MEX,29,7,62262505.0,282
NLD,31,7,13856185.0,283
NOR,33,7,4043205.0,284
NZL,32,7,3120200.0,285
POL,34,7,34689050.0,286
PRT,35,7,9455675.0,287
SGP,36,7,2325300.0,288
SVK,37,7,4840501.0,289
SVN,38,7,1842377.0,290
SWE,41,7,8251540.0,291
THA,43,7,42843802.0,292
USA,46,7,220239000.0,293
ZAF,39,7,27199838.0,294
AUS,2,8,14358000.0,295
AUT,3,8,7562305.0,296
BEL,4,8,9839534.0,297
BRA,5,8,116664382.0,298
CAN,6,8,23963203.0,299
CHE,42,8,6281738.0,300
CHL,7,8,11137748.0,301
CHN,8,8,956165000.0,302
COL,9,8,25003608.0,303
DEU,15,8,78091820.0,304
DNK,11,8,5104248.0,305
ESP,40,8,36864898.0,306
EST,12,8,1460188.0,307
FIN,13,8,4752528.0,308
FRA,14,8,54486195.0,309
GBR,45,8,56196504.0,310
GRC,16,8,9429959.0,311
HUN,17,8,10684822.0,312
IDN,20,8,141250964.0,313
IND,19,8,666267760.0,314
IRL,21,8,3329100.0,315
ISL,18,8,223537.0,316
ISR,22,8,3690000.0,317
ITA,23,8,56155143.0,318
JPN,24,8,114913000.0,319
LTU,27,8,3379514.0,320
LUX,28,8,362007.0,321
LVA,26,8,2497921.0,322
MAR,30,8,18679859.0,323
MEX,29,8,64123997.0,324
NLD,31,8,13941700.0,325
NOR,33,8,4058671.0,326
NZL,32,8,3121200.0,327
POL,34,8,34965600.0,328
PRT,35,8,9558250.0,329
SGP,36,8,2353600.0,330
SVK,37,8,4890125.0,331
SVN,38,8,1862548.0,332
SWE,41,8,8275599.0,333
THA,43,8,43806715.0,334
USA,46,8,222585000.0,335
ZAF,39,8,27943445.0,336
AUS,2,9,14514000.0,337
AUT,3,9,7549425.0,338
BEL,4,9,9848382.0,339
BRA,5,9,119447303.0,340
CAN,6,9,24201544.0,341
CHE,42,9,6294365.0,342
CHL,7,9,11304331.0,343
CHN,8,9,969005000.0,344
COL,9,9,25579323.0,345
DEU,15,9,78126350.0,346
DNK,11,9,5116801.0,347
ESP,40,9,37191330.0,348
EST,12,9,1468333.0,349
FIN,13,9,4764690.0,350
FRA,14,9,54753575.0,351
GBR,45,9,56246951.0,352
GRC,16,9,9548258.0,353
HUN,17,9,10704152.0,354
IDN,20,9,144693087.0,355
IND,19,9,681248383.0,356
IRL,21,9,3373750.0,357
ISL,18,9,225735.0,358
ISR,22,9,3786000.0,359
ITA,23,9,56317749.0,360
JPN,24,9,115890000.0,361
LTU,27,9,3397842.0,362
LUX,28,9,362856.0,363
LVA,26,9,2505953.0,364
MAR,30,9,19167661.0,365
MEX,29,9,65972912.0,366
NLD,31,9,14038270.0,367
NOR,33,9,4072517.0,368
NZL,32,9,3109000.0,369
POL,34,9,35247217.0,370
PRT,35,9,9661265.0,371
SGP,36,9,2383500.0,372
SVK,37,9,4938973.0,373
SVN,38,9,1882599.0,374
SWE,41,9,8293678.0,375
THA,43,9,44760091.0,376
USA,46,9,225055000.0,377
ZAF,39,9,28697014.0,378
AUS,2,10,14692000.0,379
AUT,3,10,7549433.0,380
BEL,4,10,9859242.0,381
BRA,5,10,122288383.0,382
CAN,6,10,24515667.0,383
CHE,42,10,6319408.0,384
CHL,7,10,11469828.0,385
CHN,8,10,981235000.0,386
COL,9,10,26176195.0,387
DEU,15,10,78288576.0,388
DNK,11,10,5123027.0,389
ESP,40,10,37491165.0,390
EST,12,10,1477219.0,391
FIN,13,10,4779535.0,392
FRA,14,10,55052582.0,393
GBR,45,10,56314216.0,394
GRC,16,10,9642505.0,395
HUN,17,10,10711122.0,396
IDN,20,10,148177096.0,397
IND,19,10,696828385.0,398
IRL,21,10,3412800.0,399
ISL,18,10,228138.0,400
ISR,22,10,3878000.0,401
ITA,23,10,56433883.0,402
JPN,24,10,116807000.0,403
LTU,27,10,3413202.0,404
LUX,28,10,364150.0,405
LVA,26,10,2511701.0,406
MAR,30,10,19678444.0,407
MEX,29,10,67705186.0,408
NLD,31,10,14149800.0,409
NOR,33,10,4085620.0,410
NZL,32,10,3112900.0,411
POL,34,10,35574150.0,412
PRT,35,10,9766312.0,413
SGP,36,10,2413945.0,414
SVK,37,10,4979815.0,415
SVN,38,10,1901315.0,416
SWE,41,10,8310531.0,417
THA,43,10,45737753.0,418
USA,46,10,227225000.0,419
ZAF,39,10,29463549.0,420
AUS,2,11,14923260.0,421
AUT,3,11,7568710.0,422
BEL,4,11,9858982.0,423
BRA,5,11,125168060.0,424
CAN,6,11,24819915.0,425
CHE,42,11,6354074.0,426
CHL,7,11,11637613.0,427
CHN,8,11,993885000.0,428
COL,9,11,26785982.0,429
DEU,15,11,78407907.0,430
DNK,11,11,5121572.0,431
ESP,40,11,37758631.0,432
EST,12,11,1487666.0,433
FIN,13,11,4799964.0,434
FRA,14,11,55371044.0,435
GBR,45,11,56333829.0,436
GRC,16,11,9729350.0,437
HUN,17,11,10711848.0,438
IDN,20,11,151686337.0,439
IND,19,11,712869298.0,440
IRL,21,11,3453000.0,441
ISL,18,11,230755.0,442
ISR,22,11,3956000.0,443
ITA,23,11,56501675.0,444
JPN,24,11,117661000.0,445
LTU,27,11,3432947.0,446
LUX,28,11,365225.0,447
LVA,26,11,2519421.0,448
MAR,30,11,20208260.0,449
MEX,29,11,69233769.0,450
NLD,31,11,14247208.0,451
NOR,33,11,4099702.0,452
NZL,32,11,3124900.0,453
POL,34,11,35898587.0,454
PRT,35,11,9851362.0,455
SGP,36,11,2532835.0,456
SVK,37,11,5016105.0,457
SVN,38,11,1906531.0,458
SWE,41,11,8320503.0,459
THA,43,11,46727292.0,460
USA,46,11,229466000.0,461
ZAF,39,11,30232561.0,462
AUS,2,12,15184247.0,463
AUT,3,12,7574140.0,464
BEL,4,12,9856303.0,465
BRA,5,12,128065095.0,466
CAN,6,12,25116942.0,467
CHE,42,12,6391309.0,468
CHL,7,12,11807408.0,469
CHN,8,12,1008630000.0,470
COL,9,12,27405194.0,471
DEU,15,12,78333366.0,472
DNK,11,12,5117810.0,473
ESP,40,12,37986012.0,474
EST,12,12,1498414.0,475
FIN,13,12,4826933.0,476
FRA,14,12,55694106.0,477
GBR,45,12,56313641.0,478
GRC,16,12,9789513.0,479
HUN,17,12,10705535.0,480
IDN,20,12,155228658.0,481
IND,19,12,729169466.0,482
IRL,21,12,3485800.0,483
ISL,18,12,233860.0,484
ISR,22,12,4031000.0,485
ITA,23,12,56543548.0,486
JPN,24,12,118480000.0,487
LTU,27,12,3457179.0,488
LUX,28,12,365525.0,489
LVA,26,12,2531080.0,490
MAR,30,12,20746765.0,491
MEX,29,12,70656783.0,492
NLD,31,12,14312690.0,493
NOR,33,12,4114787.0,494
NZL,32,12,3156100.0,495
POL,34,12,36230481.0,496
PRT,35,12,9911771.0,497
SGP,36,12,2646466.0,498
SVK,37,12,5055099.0,499
SVN,38,12,1910334.0,500
SWE,41,12,8325263.0,501
THA,43,12,47700340.0,502
USA,46,12,231664000.0,503
ZAF,39,12,31022417.0,504
AUS,2,13,15393472.0,505
AUT,3,13,7561910.0,506
BEL,4,13,9855520.0,507
BRA,5,13,130977370.0,508
CAN,6,13,25366451.0,509
CHE,42,13,6418773.0,510
CHL,7,13,11976513.0,511
CHN,8,13,1023310000.0,512
COL,9,13,28042329.0,513
DEU,15,13,78128282.0,514
DNK,11,13,5114297.0,515
ESP,40,13,38171525.0,516
EST,12,13,1508745.0,517
FIN,13,13,4855787.0,518
FRA,14,13,55992656.0,519
GBR,45,13,56332848.0,520
GRC,16,13,9846627.0,521
HUN,17,13,10689463.0,522
IDN,20,13,158790611.0,523
IND,19,13,745826546.0,524
IRL,21,13,3510600.0,525
ISL,18,13,236977.0,526
ISR,22,13,4105000.0,527
ITA,23,13,56564074.0,528
JPN,24,13,119307000.0,529
LTU,27,13,3485192.0,530
LUX,28,13,365622.0,531
LVA,26,13,2546011.0,532
MAR,30,13,21287381.0,533
MEX,29,13,72080310.0,534
NLD,31,13,14367070.0,535
NOR,33,13,4128432.0,536
NZL,32,13,3199300.0,537
POL,34,13,36571808.0,538
PRT,35,13,9957865.0,539
SGP,36,13,2681061.0,540
SVK,37,13,5091971.0,541
SVN,38,13,1922321.0,542
SWE,41,13,8329033.0,543
THA,43,13,48670565.0,544
USA,46,13,233792000.0,545
ZAF,39,13,31865176.0,546
AUS,2,14,15579391.0,547
AUT,3,14,7561434.0,548
BEL,4,14,9855372.0,549
BRA,5,14,133888775.0,550
CAN,6,14,25607053.0,551
CHE,42,14,6441865.0,552
CHL,7,14,12147758.0,553
CHN,8,14,1036825000.0,554
COL,9,14,28689032.0,555
DEU,15,14,77858685.0,556
DNK,11,14,5111619.0,557
ESP,40,14,38330364.0,558
EST,12,14,1518617.0,559
FIN,13,14,4881803.0,560
FRA,14,14,56275701.0,561
GBR,45,14,56422072.0,562
GRC,16,14,9895801.0,563
HUN,17,14,10668095.0,564
IDN,20,14,162331962.0,565
IND,19,14,762895156.0,566
IRL,21,14,3532423.0,567
ISL,18,14,239511.0,568
ISR,22,14,4159000.0,569
ITA,23,14,56576718.0,570
JPN,24,14,120083000.0,571
LTU,27,14,3514205.0,572
LUX,28,14,365998.0,573
LVA,26,14,2562047.0,574
MAR,30,14,21817271.0,575
MEX,29,14,73489654.0,576
NLD,31,14,14424211.0,577
NOR,33,14,4140099.0,578
NZL,32,14,3227100.0,579
POL,34,14,36904134.0,580
PRT,35,14,9996232.0,581
SGP,36,14,2732221.0,582
SVK,37,14,5127097.0,583
SVN,38,14,1932154.0,584
SWE,41,14,8336605.0,585
THA,43,14,49636724.0,586
USA,46,14,235825000.0,587
ZAF,39,14,32768207.0,588
AUS,2,15,15788312.0,589
AUT,3,15,7564985.0,590
BEL,4,15,9858308.0,591
BRA,5,15,136783180.0,592
CAN,6,15,25842116.0,593
CHE,42,15,6470365.0,594
CHL,7,15,12326396.0,595
CHN,8,15,1051040000.0,596
COL,9,15,29326260.0,597
DEU,15,15,77684873.0,598
DNK,11,15,5113691.0,599
ESP,40,15,38469512.0,600
EST,12,15,1528781.0,601
FIN,13,15,4902206.0,602
FRA,14,15,56569195.0,603
GBR,45,15,56550268.0,604
GRC,16,15,9934300.0,605
HUN,17,15,10648713.0,606
IDN,20,15,165791694.0,607
IND,19,15,780242084.0,608
IRL,21,15,3538082.0,609
ISL,18,15,241405.0,610
ISR,22,15,4233000.0,611
ITA,23,15,56593071.0,612
JPN,24,15,120837000.0,613
LTU,27,15,3544543.0,614
LUX,28,15,366706.0,615
LVA,26,15,2578873.0,616
MAR,30,15,22335077.0,617
MEX,29,15,74872006.0,618
NLD,31,15,14491632.0,619
NOR,33,15,4152516.0,620
NZL,32,15,3247100.0,621
POL,34,15,37201885.0,622
PRT,35,15,10023613.0,623
SGP,36,15,2735957.0,624
SVK,37,15,5161768.0,625
SVN,38,15,1941641.0,626
SWE,41,15,8350386.0,627
THA,43,15,50594940.0,628
USA,46,15,237924000.0,629
ZAF,39,15,33752964.0,630
AUS,2,16,16018350.0,631
AUT,3,16,7569794.0,632
BEL,4,16,9861823.0,633
BRA,5,16,139643355.0,634
CAN,6,16,26100278.0,635
CHE,42,16,6504124.0,636
CHL,7,16,12514502.0,637
CHN,8,16,1066790000.0,638
COL,9,16,29960101.0,639
DEU,15,16,77720436.0,640
DNK,11,16,5120534.0,641
ESP,40,16,38584624.0,642
EST,12,16,1540190.0,643
FIN,13,16,4918154.0,644
FRA,14,16,56865193.0,645
GBR,45,16,56681396.0,646
GRC,16,16,9967213.0,647
HUN,17,16,10630564.0,648
IDN,20,16,169135273.0,649
IND,19,16,797878993.0,650
IRL,21,16,3539690.0,651
ISL,18,16,243180.0,652
ISR,22,16,4299000.0,653
ITA,23,16,56596155.0,654
JPN,24,16,121482000.0,655
LTU,27,16,3578914.0,656
LUX,28,16,368355.0,657
LVA,26,16,2599892.0,658
MAR,30,16,22824446.0,659
MEX,29,16,76224365.0,660
NLD,31,16,14572278.0,661
NOR,33,16,4167354.0,662
NZL,32,16,3246300.0,663
POL,34,16,37456119.0,664
PRT,35,16,10032734.0,665
SGP,36,16,2733373.0,666
SVK,37,16,5193838.0,667
SVN,38,16,1965964.0,668
SWE,41,16,8369829.0,669
THA,43,16,51542094.0,670
USA,46,16,240133000.0,671
ZAF,39,16,34877834.0,672
AUS,2,17,16263874.0,673
AUT,3,17,7574586.0,674
BEL,4,17,9870234.0,675
BRA,5,17,142466264.0,676
CAN,6,17,26446601.0,677
CHE,42,17,6545106.0,678
CHL,7,17,12712784.0,679
CHN,8,17,1084035000.0,680
COL,9,17,30603048.0,681
DEU,15,17,77839920.0,682
DNK,11,17,5127024.0,683
ESP,40,17,38684815.0,684
EST,12,17,1552221.0,685
FIN,13,17,4932123.0,686
FRA,14,17,57168409.0,687
GBR,45,17,56802050.0,688
GRC,16,17,10000595.0,689
HUN,17,17,10612741.0,690
IDN,20,17,172421390.0,691
IND,19,17,815716125.0,692
IRL,21,17,3540057.0,693
ISL,18,17,245859.0,694
ISR,22,17,4369000.0,695
ITA,23,17,56601931.0,696
JPN,24,17,122069000.0,697
LTU,27,17,3616367.0,698
LUX,28,17,370750.0,699
LVA,26,17,2626583.0,700
MAR,30,17,23279935.0,701
MEX,29,17,77553504.0,702
NLD,31,17,14665037.0,703
NOR,33,17,4186905.0,704
NZL,32,17,3274400.0,705
POL,34,17,37668045.0,706
PRT,35,17,10030031.0,707
SGP,36,17,2774789.0,708
SVK,37,17,5222840.0,709
SVN,38,17,1989776.0,710
SWE,41,17,8397804.0,711
THA,43,17,52479181.0,712
USA,46,17,242289000.0,713
ZAF,39,17,36119333.0,714
AUS,2,18,16532164.0,715
AUT,3,18,7585317.0,716
BEL,4,18,9901664.0,717
BRA,5,18,145253973.0,718
CAN,6,18,26791747.0,719
CHE,42,18,6593386.0,720
CHL,7,18,12918389.0,721
CHN,8,18,1101630000.0,722
COL,9,18,31256727.0,723
DEU,15,18,78144619.0,724
DNK,11,18,5129516.0,725
ESP,40,18,38766939.0,726
EST,12,18,1561900.0,727
FIN,13,18,4946481.0,728
FRA,14,18,57472651.0,729
GBR,45,18,56928327.0,730
GRC,16,18,10036983.0,731
HUN,17,18,10596487.0,732
IDN,20,18,175694647.0,733
IND,19,18,833729681.0,734
IRL,21,18,3524949.0,735
ISL,18,18,249740.0,736
ISR,22,18,4442000.0,737
ITA,23,18,56629288.0,738
JPN,24,18,122578000.0,739
LTU,27,18,3655049.0,740
LUX,28,18,373450.0,741
LVA,26,18,2653434.0,742
MAR,30,18,23720590.0,743
MEX,29,18,78892015.0,744
NLD,31,18,14760094.0,745
NOR,33,18,4209488.0,746
NZL,32,18,3283400.0,747
POL,34,18,37824487.0,748
PRT,35,18,10019610.0,749
SGP,36,18,2846108.0,750
SVK,37,18,5250596.0,751
SVN,38,18,1995196.0,752
SWE,41,18,8436489.0,753
THA,43,18,53410965.0,754
USA,46,18,244499000.0,755
ZAF,39,18,37393853.0,756
AUS,2,19,16814416.0,757
AUT,3,19,7619567.0,758
BEL,4,19,9937697.0,759
BRA,5,19,148003411.0,760
CAN,6,19,27276781.0,761
CHE,42,19,6646912.0,762
CHL,7,19,13128619.0,763
CHN,8,19,1118650000.0,764
COL,9,19,31923117.0,765
DEU,15,19,78751283.0,766
DNK,11,19,5132594.0,767
ESP,40,19,38827764.0,768
EST,12,19,1568131.0,769
FIN,13,19,4964371.0,770
FRA,14,19,57766282.0,771
GBR,45,19,57076711.0,772
GRC,16,19,10089498.0,773
HUN,17,19,10481719.0,774
IDN,20,19,178949174.0,775
IND,19,19,852012673.0,776
IRL,21,19,3511009.0,777
ISL,18,19,252852.0,778
ISR,22,19,4518000.0,779
ITA,23,19,56671781.0,780
JPN,24,19,123069000.0,781
LTU,27,19,3684255.0,782
LUX,28,19,377100.0,783
LVA,26,19,2666955.0,784
MAR,30,19,24148104.0,785
MEX,29,19,80233749.0,786
NLD,31,19,14848907.0,787
NOR,33,19,4226901.0,788
NZL,32,19,3299200.0,789
POL,34,19,37961529.0,790
PRT,35,19,10005000.0,791
SGP,36,19,2930901.0,792
SVK,37,19,5275942.0,793
SVN,38,19,1996351.0,794
SWE,41,19,8492964.0,795
THA,43,19,54324004.0,796
USA,46,19,246819000.0,797
ZAF,39,19,38668684.0,798
AUS,2,20,17065128.0,799
AUT,3,20,7677850.0,800
BEL,4,20,9967379.0,801
BRA,5,20,150706446.0,802
CAN,6,20,27691138.0,803
CHE,42,20,6715519.0,804
CHL,7,20,13342868.0,805
CHN,8,20,1135185000.0,806
COL,9,20,32601393.0,807
DEU,15,20,79433029.0,808
DNK,11,20,5140939.0,809
ESP,40,20,38867322.0,810
EST,12,20,1569174.0,811
FIN,13,20,4986431.0,812
FRA,14,20,58044701.0,813
GBR,45,20,57247586.0,814
GRC,16,20,10196792.0,815
HUN,17,20,10373988.0,816
IDN,20,20,182159874.0,817
IND,19,20,870452165.0,818
IRL,21,20,3513974.0,819
ISL,18,20,254826.0,820
ISR,22,20,4660000.0,821
ITA,23,20,56719240.0,822
JPN,24,20,123478000.0,823
LTU,27,20,3697838.0,824
LUX,28,20,381850.0,825
LVA,26,20,2663151.0,826
MAR,30,20,24570814.0,827
MEX,29,20,81720428.0,828
NLD,31,20,14951510.0,829
NOR,33,20,4241473.0,830
NZL,32,20,3329800.0,831
POL,34,20,38110782.0,832
PRT,35,20,9983218.0,833
SGP,36,20,3047132.0,834
SVK,37,20,5299187.0,835
SVN,38,20,1998161.0,836
SWE,41,20,8558835.0,837
THA,43,20,55228410.0,838
USA,46,20,249623000.0,839
ZAF,39,20,39877570.0,840
AUS,2,21,17284036.0,841
AUT,3,21,7754891.0,842
BEL,4,21,10004486.0,843
BRA,5,21,153336445.0,844
CAN,6,21,28037420.0,845
CHE,42,21,6799978.0,846
CHL,7,21,13561945.0,847
CHN,8,21,1150780000.0,848
COL,9,21,33272628.0,849
DEU,15,21,80013896.0,850
DNK,11,21,5154298.0,851
ESP,40,21,38966376.0,852
EST,12,21,1561314.0,853
FIN,13,21,5013740.0,854
FRA,14,21,58557577.0,855
GBR,45,21,57424897.0,856
GRC,16,21,10319927.0,857
HUN,17,21,10373400.0,858
IDN,20,21,185361228.0,859
IND,19,21,888941756.0,860
IRL,21,21,3534235.0,861
ISL,18,21,257797.0,862
ISR,22,21,4949000.0,863
ITA,23,21,56758521.0,864
JPN,24,21,123964000.0,865
LTU,27,21,3704134.0,866
LUX,28,21,387000.0,867
LVA,26,21,2650581.0,868
MAR,30,21,24988083.0,869
MEX,29,21,83351595.0,870
NLD,31,21,15069798.0,871
NOR,33,21,4261732.0,872
NZL,32,21,3495100.0,873
POL,34,21,38246193.0,874
PRT,35,21,9960235.0,875
SGP,36,21,3135083.0,876
SVK,37,21,5303294.0,877
SVN,38,21,1999429.0,878
SWE,41,21,8617375.0,879
THA,43,21,56099865.0,880
USA,46,21,252981000.0,881
ZAF,39,21,40910959.0,882
AUS,2,22,17478635.0,883
AUT,3,22,7840709.0,884
BEL,4,22,10045158.0,885
BRA,5,22,155900790.0,886
CAN,6,22,28371264.0,887
CHE,42,22,6875364.0,888
CHL,7,22,13782297.0,889
CHN,8,22,1164970000.0,890
COL,9,22,33939039.0,891
DEU,15,22,80624598.0,892
DNK,11,22,5171370.0,893
ESP,40,22,39157685.0,894
EST,12,22,1533091.0,895
FIN,13,22,5041992.0,896
FRA,14,22,58849943.0,897
GBR,45,22,57580402.0,898
GRC,16,22,10399061.0,899
HUN,17,22,10369341.0,900
IDN,20,22,188558416.0,901
IND,19,22,907574049.0,902
IRL,21,22,3558430.0,903
ISL,18,22,261057.0,904
ISR,22,22,5123000.0,905
ITA,23,22,56797087.0,906
JPN,24,22,124425000.0,907
LTU,27,22,3700114.0,908
LUX,28,22,392175.0,909
LVA,26,22,2614338.0,910
MAR,30,22,25400676.0,911
MEX,29,22,84993164.0,912
NLD,31,22,15184166.0,913
NOR,33,22,4286401.0,914
NZL,32,22,3531700.0,915
POL,34,22,38363667.0,916
PRT,35,22,9952494.0,917
SGP,36,22,3230698.0,918
SVK,37,22,5305016.0,919
SVN,38,22,1996498.0,920
SWE,41,22,8668067.0,921
THA,43,22,56939020.0,922
USA,46,22,256514000.0,923
ZAF,39,22,41760755.0,924
AUS,2,23,17634808.0,925
AUT,3,23,7905633.0,926
BEL,4,23,10084475.0,927
BRA,5,23,158440875.0,928
CAN,6,23,28684764.0,929
CHE,42,23,6938265.0,930
CHL,7,23,13998386.0,931
CHN,8,23,1178440000.0,932
COL,9,23,34614735.0,933
DEU,15,23,81156363.0,934
DNK,11,23,5188628.0,935
ESP,40,23,39361262.0,936
EST,12,23,1494128.0,937
FIN,13,23,5066447.0,938
FRA,14,23,59106166.0,939
GBR,45,23,57718614.0,940
GRC,16,23,10460415.0,941
HUN,17,23,10357523.0,942
IDN,20,23,191737287.0,943
IND,19,23,926351297.0,944
IRL,21,23,3576261.0,945
ISL,18,23,263725.0,946
ISR,22,23,5261000.0,947
ITA,23,23,56831821.0,948
JPN,24,23,124829000.0,949
LTU,27,23,3682613.0,950
LUX,28,23,397475.0,951
LVA,26,23,2563290.0,952
MAR,30,23,25806777.0,953
MEX,29,23,86648447.0,954
NLD,31,23,15290368.0,955
NOR,33,23,4311991.0,956
NZL,32,23,3572200.0,957
POL,34,23,38461408.0,958
PRT,35,23,9964675.0,959
SGP,36,23,3313471.0,960
SVK,37,23,5325305.0,961
SVN,38,23,1991746.0,962
SWE,41,23,8718561.0,963
THA,43,23,57776082.0,964
USA,46,23,259919000.0,965
ZAF,39,23,42525440.0,966
AUS,2,24,17805468.0,967
AUT,3,24,7936118.0,968
BEL,4,24,10115603.0,969
BRA,5,24,160980472.0,970
CAN,6,24,29000663.0,971
CHE,42,24,6993795.0,972
CHL,7,24,14210674.0,973
CHN,8,24,1191835000.0,974
COL,9,24,35295461.0,975
DEU,15,24,81438348.0,976
DNK,11,24,5206180.0,977
ESP,40,24,39549108.0,978
EST,12,24,1462514.0,979
FIN,13,24,5088333.0,980
FRA,14,24,59327585.0,981
GBR,45,24,57865745.0,982
GRC,16,24,10512922.0,983
HUN,17,24,10343355.0,984
IDN,20,24,194928533.0,985
IND,19,24,945261958.0,986
IRL,21,24,3590386.0,987
ISL,18,24,266021.0,988
ISR,22,24,5399000.0,989
ITA,23,24,56843400.0,990
JPN,24,24,125178000.0,991
LTU,27,24,3657144.0,992
LUX,28,24,402925.0,993
LVA,26,24,2520742.0,994
MAR,30,24,26201551.0,995
MEX,29,24,88314424.0,996
NLD,31,24,15382838.0,997
NOR,33,24,4336613.0,998
NZL,32,24,3620000.0,999
POL,34,24,38542652.0,1000
PRT,35,24,9991525.0,1001
SGP,36,24,3419048.0,1002
SVK,37,24,5346331.0,1003
SVN,38,24,1989443.0,1004
SWE,41,24,8780745.0,1005
THA,43,24,58610010.0,1006
USA,46,24,263126000.0,1007
ZAF,39,24,43267982.0,1008
AUS,2,25,18004882.0,1009
AUT,3,25,7948278.0,1010
BEL,4,25,10136811.0,1011
BRA,5,25,163515328.0,1012
CAN,6,25,29302311.0,1013
CHE,42,25,7040687.0,1014
CHL,7,25,14416796.0,1015
CHN,8,25,1204855000.0,1016
COL,9,25,35970101.0,1017
DEU,15,25,81678051.0,1018
DNK,11,25,5233373.0,1019
ESP,40,25,39724050.0,1020
EST,12,25,1436634.0,1021
FIN,13,25,5107790.0,1022
FRA,14,25,59543659.0,1023
GBR,45,25,58019030.0,1024
GRC,16,25,10562153.0,1025
HUN,17,25,10328965.0,1026
IDN,20,25,198140162.0,1027
IND,19,25,964279129.0,1028
IRL,21,25,3608841.0,1029
ISL,18,25,267468.0,1030
ISR,22,25,5545000.0,1031
ITA,23,25,56844303.0,1032
JPN,24,25,125472000.0,1033
LTU,27,25,3629102.0,1034
LUX,28,25,408625.0,1035
LVA,26,25,2485056.0,1036
MAR,30,25,26599048.0,1037
MEX,29,25,89969572.0,1038
NLD,31,25,15459006.0,1039
NOR,33,25,4359184.0,1040
NZL,32,25,3673400.0,1041
POL,34,25,38594998.0,1042
PRT,35,25,10026176.0,1043
SGP,36,25,3524506.0,1044
SVK,37,25,5361999.0,1045
SVN,38,25,1989872.0,1046
SWE,41,25,8826939.0,1047
THA,43,25,59424834.0,1048
USA,46,25,266278000.0,1049
ZAF,39,25,43986084.0,1050
AUS,2,26,18224767.0,1051
AUT,3,26,7959017.0,1052
BEL,4,26,10156637.0,1053
BRA,5,26,166037122.0,1054
CAN,6,26,29610218.0,1055
CHE,42,26,7071850.0,1056
CHL,7,26,14615483.0,1057
CHN,8,26,1217550000.0,1058
COL,9,26,36632573.0,1059
DEU,15,26,81914831.0,1060
DNK,11,26,5263074.0,1061
ESP,40,26,39889852.0,1062
EST,12,26,1415594.0,1063
FIN,13,26,5124573.0,1064
FRA,14,26,59756533.0,1065
GBR,45,26,58166950.0,1066
GRC,16,26,10608800.0,1067
HUN,17,26,10311238.0,1068
IDN,20,26,201373791.0,1069
IND,19,26,983281218.0,1070
IRL,21,26,3637510.0,1071
ISL,18,26,268916.0,1072
ISR,22,26,5692000.0,1073
ITA,23,26,56860281.0,1074
JPN,24,26,125757000.0,1075
LTU,27,26,3601613.0,1076
LUX,28,26,414225.0,1077
LVA,26,26,2457222.0,1078
MAR,30,26,26999093.0,1079
MEX,29,26,91586555.0,1080
NLD,31,26,15530498.0,1081
NOR,33,26,4381336.0,1082
NZL,32,26,3732000.0,1083
POL,34,26,38624370.0,1084
PRT,35,26,10063945.0,1085
SGP,36,26,3670704.0,1086
SVK,37,26,5373361.0,1087
SVN,38,26,1988628.0,1088
SWE,41,26,8840998.0,1089
THA,43,26,60211096.0,1090
USA,46,26,269394000.0,1091
ZAF,39,26,44661603.0,1092
AUS,2,27,18423037.0,1093
AUT,3,27,7968041.0,1094
BEL,4,27,10181245.0,1095
BRA,5,27,168546707.0,1096
CAN,6,27,29905948.0,1097
CHE,42,27,7088906.0,1098
CHL,7,27,14809289.0,1099
CHN,8,27,1230075000.0,1100
COL,9,27,37291946.0,1101
DEU,15,27,82034771.0,1102
DNK,11,27,5284991.0,1103
ESP,40,27,40057389.0,1104
EST,12,27,1399535.0,1105
FIN,13,27,5139835.0,1106
FRA,14,27,59969944.0,1107
GBR,45,27,58316954.0,1108
GRC,16,27,10661259.0,1109
HUN,17,27,10290486.0,1110
IDN,20,27,204628007.0,1111
IND,19,27,1002335230.0,1112
IRL,21,27,3674171.0,1113
ISL,18,27,271128.0,1114
ISR,22,27,5836000.0,1115
ITA,23,27,56890372.0,1116
JPN,24,27,126057000.0,1117
LTU,27,27,3575137.0,1118
LUX,28,27,419450.0,1119
LVA,26,27,2432851.0,1120
MAR,30,27,27397118.0,1121
MEX,29,27,93183094.0,1122
NLD,31,27,15610650.0,1123
NOR,33,27,4405157.0,1124
NZL,32,27,3781300.0,1125
POL,34,27,38649660.0,1126
PRT,35,27,10108977.0,1127
SGP,36,27,3796038.0,1128
SVK,37,27,5383291.0,1129
SVN,38,27,1985956.0,1130
SWE,41,27,8846062.0,1131
THA,43,27,60989108.0,1132
USA,46,27,272657000.0,1133
ZAF,39,27,45285048.0,1134
AUS,2,28,18607584.0,1135
AUT,3,28,7976789.0,1136
BEL,4,28,10203008.0,1137
BRA,5,28,171039804.0,1138
CAN,6,28,30155173.0,1139
CHE,42,28,7110001.0,1140
CHL,7,28,14996742.0,1141
CHN,8,28,1241935000.0,1142
COL,9,28,37944414.0,1143
DEU,15,28,82047195.0,1144
DNK,11,28,5304219.0,1145
ESP,40,28,40223509.0,1146
EST,12,28,1386156.0,1147
FIN,13,28,5153498.0,1148
FRA,14,28,60192790.0,1149
GBR,45,28,58487141.0,1150
GRC,16,28,10720509.0,1151
HUN,17,28,10266570.0,1152
IDN,20,28,207855486.0,1153
IND,19,28,1021434576.0,1154
IRL,21,28,3712696.0,1155
ISL,18,28,274047.0,1156
ISR,22,28,5971000.0,1157
ITA,23,28,56906744.0,1158
JPN,24,28,126400000.0,1159
LTU,27,28,3549331.0,1160
LUX,28,28,424700.0,1161
LVA,26,28,2410019.0,1162
MAR,30,28,27791825.0,1163
MEX,29,28,94767284.0,1164
NLD,31,28,15707209.0,1165
NOR,33,28,4431464.0,1166
NZL,32,28,3815000.0,1167
POL,34,28,38663481.0,1168
PRT,35,28,10160196.0,1169
SGP,36,28,3927213.0,1170
SVK,37,28,5390516.0,1171
SVN,38,28,1981629.0,1172
SWE,41,28,8850974.0,1173
THA,43,28,61745217.0,1174
USA,46,28,275854000.0,1175
ZAF,39,28,45852166.0,1176
AUS,2,29,18812264.0,1177
AUT,3,29,7992324.0,1178
BEL,4,29,10226419.0,1179
BRA,5,29,173486281.0,1180
CAN,6,29,30401286.0,1181
CHE,42,29,7143991.0,1182
CHL,7,29,15176410.0,1183
CHN,8,29,1252735000.0,1184
COL,9,29,38585033.0,1185
DEU,15,29,82100243.0,1186
DNK,11,29,5321799.0,1187
ESP,40,29,40386875.0,1188
EST,12,29,1390244.0,1189
FIN,13,29,5165474.0,1190
FRA,14,29,60504420.0,1191
GBR,45,29,58682466.0,1192
GRC,16,29,10761698.0,1193
HUN,17,29,10237530.0,1194
IDN,20,29,210996910.0,1195
IND,19,29,1040500054.0,1196
IRL,21,29,3754786.0,1197
ISL,18,29,277381.0,1198
ISR,22,29,6125000.0,1199
ITA,23,29,56916317.0,1200
JPN,24,29,126631000.0,1201
LTU,27,29,3524238.0,1202
LUX,28,29,430475.0,1203
LVA,26,29,2390482.0,1204
MAR,30,29,28176997.0,1205
MEX,29,29,96334810.0,1206
NLD,31,29,15812088.0,1207
NOR,33,29,4461913.0,1208
NZL,32,29,3835100.0,1209
POL,34,29,38660271.0,1210
PRT,35,29,10217828.0,1211
SGP,36,29,3958723.0,1212
SVK,37,29,5396020.0,1213
SVN,38,29,1983045.0,1214
SWE,41,29,8857874.0,1215
THA,43,29,62442651.0,1216
USA,46,29,279040000.0,1217
ZAF,39,29,46364681.0,1218
AUS,2,30,19028802.0,1219
AUT,3,30,8011566.0,1220
BEL,4,30,10251250.0,1221
BRA,5,30,175873720.0,1222
CAN,6,30,30685730.0,1223
CHE,42,30,7184250.0,1224
CHL,7,30,15351799.0,1225
CHN,8,30,1262645000.0,1226
COL,9,30,39215135.0,1227
DEU,15,30,82211508.0,1228
DNK,11,30,5339616.0,1229
ESP,40,30,40567864.0,1230
EST,12,30,1396985.0,1231
FIN,13,30,5176209.0,1232
FRA,14,30,60921384.0,1233
GBR,45,30,58892514.0,1234
GRC,16,30,10805808.0,1235
HUN,17,30,10210971.0,1236
IDN,20,30,214072421.0,1237
IND,19,30,1059633675.0,1238
IRL,21,30,3805174.0,1239
ISL,18,30,281205.0,1240
ISR,22,30,6289000.0,1241
ITA,23,30,56942108.0,1242
JPN,24,30,126843000.0,1243
LTU,27,30,3499536.0,1244
LUX,28,30,436300.0,1245
LVA,26,30,2367550.0,1246
MAR,30,30,28554415.0,1247
MEX,29,30,97873442.0,1248
NLD,31,30,15925513.0,1249
NOR,33,30,4490967.0,1250
NZL,32,30,3857700.0,1251
POL,34,30,38258629.0,1252
PRT,35,30,10289898.0,1253
SGP,36,30,4027887.0,1254
SVK,37,30,5388720.0,1255
SVN,38,30,1988925.0,1256
SWE,41,30,8872109.0,1257
THA,43,30,63066603.0,1258
USA,46,30,282162411.0,1259
ZAF,39,30,46813266.0,1260
AUS,2,31,19274701.0,1261
AUT,3,31,8042293.0,1262
BEL,4,31,10286570.0,1263
BRA,5,31,178211881.0,1264
CAN,6,31,31020902.0,1265
CHE,42,31,7229854.0,1266
CHL,7,31,15523978.0,1267
CHN,8,31,1271850000.0,1268
COL,9,31,39837875.0,1269
DEU,15,31,82349925.0,1270
DNK,11,31,5358783.0,1271
ESP,40,31,40850412.0,1272
EST,12,31,1388115.0,1273
FIN,13,31,5188008.0,1274
FRA,14,31,61367388.0,1275
GBR,45,31,59119673.0,1276
GRC,16,31,10862132.0,1277
HUN,17,31,10187576.0,1278
IDN,20,31,217112437.0,1279
IND,19,31,1078970907.0,1280
IRL,21,31,3866243.0,1281
ISL,18,31,284968.0,1282
ISR,22,31,6439000.0,1283
ITA,23,31,56974100.0,1284
JPN,24,31,127149000.0,1285
LTU,27,31,3470818.0,1286
LUX,28,31,441525.0,1287
LVA,26,31,2337170.0,1288
MAR,30,31,28930097.0,1289
MEX,29,31,99394288.0,1290
NLD,31,31,16046180.0,1291
NOR,33,31,4513751.0,1292
NZL,32,31,3880500.0,1293
POL,34,31,38248076.0,1294
PRT,35,31,10362722.0,1295
SGP,36,31,4138012.0,1296
SVK,37,31,5378867.0,1297
SVN,38,31,1992060.0,1298
SWE,41,31,8895960.0,1299
THA,43,31,63649892.0,1300
USA,46,31,284968955.0,1301
ZAF,39,31,47229714.0,1302
AUS,2,32,19495210.0,1303
AUT,3,32,8081957.0,1304
BEL,4,32,10332785.0,1305
BRA,5,32,180476685.0,1306
CAN,6,32,31360079.0,1307
CHE,42,32,7284753.0,1308
CHL,7,32,15693790.0,1309
CHN,8,32,1280400000.0,1310
COL,9,32,40454050.0,1311
DEU,15,32,82488495.0,1312
DNK,11,32,5375931.0,1313
ESP,40,32,41431558.0,1314
EST,12,32,1379350.0,1315
FIN,13,32,5200598.0,1316
FRA,14,32,61816234.0,1317
GBR,45,32,59370479.0,1318
GRC,16,32,10902022.0,1319
HUN,17,32,10158608.0,1320
IDN,20,32,220115092.0,1321
IND,19,32,1098313039.0,1322
IRL,21,32,3931947.0,1323
ISL,18,32,287523.0,1324
ISR,22,32,6570000.0,1325
ITA,23,32,57059007.0,1326
JPN,24,32,127445000.0,1327
LTU,27,32,3443067.0,1328
LUX,28,32,446175.0,1329
LVA,26,32,2310173.0,1330
MAR,30,32,29301817.0,1331
MEX,29,32,100917081.0,1332
NLD,31,32,16148929.0,1333
NOR,33,32,4538159.0,1334
NZL,32,32,3948500.0,1335
POL,34,32,38230364.0,1336
PRT,35,32,10419631.0,1337
SGP,36,32,4175950.0,1338
SVK,37,32,5376912.0,1339
SVN,38,32,1994530.0,1340
SWE,41,32,8924958.0,1341
THA,43,32,64222580.0,1342
USA,46,32,287625193.0,1343
ZAF,39,32,47661514.0,1344
AUS,2,33,19720737.0,1345
AUT,3,33,8121423.0,1346
BEL,4,33,10376133.0,1347
BRA,5,33,182629278.0,1348
CAN,6,33,31644028.0,1349
CHE,42,33,7339001.0,1350
CHL,7,33,15859112.0,1351
CHN,8,33,1288400000.0,1352
COL,9,33,41057687.0,1353
DEU,15,33,82534176.0,1354
DNK,11,33,5390574.0,1355
ESP,40,33,42187645.0,1356
EST,12,33,1370720.0,1357
FIN,13,33,5213014.0,1358
FRA,14,33,62256970.0,1359
GBR,45,33,59647577.0,1360
GRC,16,33,10928070.0,1361
HUN,17,33,10129552.0,1362
IDN,20,33,223080121.0,1363
IND,19,33,1117415123.0,1364
IRL,21,33,3996521.0,1365
ISL,18,33,289521.0,1366
ISR,22,33,6689700.0,1367
ITA,23,33,57313203.0,1368
JPN,24,33,127718000.0,1369
LTU,27,33,3415213.0,1370
LUX,28,33,451630.0,1371
LVA,26,33,2287955.0,1372
MAR,30,33,29661270.0,1373
MEX,29,33,102429341.0,1374
NLD,31,33,16225302.0,1375
NOR,33,33,4564855.0,1376
NZL,32,33,4027200.0,1377
POL,34,33,38204570.0,1378
PRT,35,33,10458821.0,1379
SGP,36,33,4114826.0,1380
SVK,37,33,5373374.0,1381
SVN,38,33,1995733.0,1382
SWE,41,33,8958229.0,1383
THA,43,33,64776956.0,1384
USA,46,33,290107933.0,1385
ZAF,39,33,48104048.0,1386
AUS,2,34,19932722.0,1387
AUT,3,34,8171966.0,1388
BEL,4,34,10421137.0,1389
BRA,5,34,184722043.0,1390
CAN,6,34,31940655.0,1391
CHE,42,34,7389625.0,1392
CHL,7,34,16017966.0,1393
CHN,8,34,1296075000.0,1394
COL,9,34,41648268.0,1395
DEU,15,34,82516260.0,1396
DNK,11,34,5404523.0,1397
ESP,40,34,42921895.0,1398
EST,12,34,1362550.0,1399
FIN,13,34,5228172.0,1400
FRA,14,34,62716306.0,1401
GBR,45,34,59987905.0,1402
GRC,16,34,10955141.0,1403
HUN,17,34,10107146.0,1404
IDN,20,34,225938595.0,1405
IND,19,34,1136264583.0,1406
IRL,21,34,4070262.0,1407
ISL,18,34,292074.0,1408
ISR,22,34,6809000.0,1409
ITA,23,34,57685327.0,1410
JPN,24,34,127761000.0,1411
LTU,27,34,3377075.0,1412
LUX,28,34,458095.0,1413
LVA,26,34,2263122.0,1414
MAR,30,34,30033125.0,1415
MEX,29,34,103945813.0,1416
NLD,31,34,16281779.0,1417
NOR,33,34,4591910.0,1418
NZL,32,34,4087500.0,1419
POL,34,34,38182222.0,1420
PRT,35,34,10483861.0,1421
SGP,36,34,4166664.0,1422
SVK,37,34,5372280.0,1423
SVN,38,34,1997012.0,1424
SWE,41,34,8993531.0,1425
THA,43,34,65311166.0,1426
USA,46,34,292805298.0,1427
ZAF,39,34,48556071.0,1428
AUS,2,35,20176844.0,1429
AUT,3,35,8227829.0,1430
BEL,4,35,10478617.0,1431
BRA,5,35,186797334.0,1432
CAN,6,35,32243753.0,1433
CHE,42,35,7437115.0,1434
CHL,7,35,16175311.0,1435
CHN,8,35,1303720000.0,1436
COL,9,35,42220940.0,1437
DEU,15,35,82469422.0,1438
DNK,11,35,5419432.0,1439
ESP,40,35,43653155.0,1440
EST,12,35,1354775.0,1441
FIN,13,35,5246096.0,1442
FRA,14,35,63188395.0,1443
GBR,45,35,60401206.0,1444
GRC,16,35,10987314.0,1445
HUN,17,35,10087065.0,1446
IDN,20,35,228805144.0,1447
IND,19,35,1154638713.0,1448
IRL,21,35,4159914.0,1449
ISL,18,35,296734.0,1450
ISR,22,35,6930100.0,1451
ITA,23,35,57969484.0,1452
JPN,24,35,127773000.0,1453
LTU,27,35,3322528.0,1454
LUX,28,35,465158.0,1455
LVA,26,35,2238799.0,1456
MAR,30,35,30431902.0,1457
MEX,29,35,105442402.0,1458
NLD,31,35,16319868.0,1459
NOR,33,35,4623291.0,1460
NZL,32,35,4133900.0,1461
POL,34,35,38165445.0,1462
PRT,35,35,10503330.0,1463
SGP,36,35,4265762.0,1464
SVK,37,35,5372807.0,1465
SVN,38,35,2000474.0,1466
SWE,41,35,9029572.0,1467
THA,43,35,65821360.0,1468
USA,46,35,295516599.0,1469
ZAF,39,35,49017147.0,1470
AUS,2,36,20450966.0,1471
AUT,3,36,8268641.0,1472
BEL,4,36,10547958.0,1473
BRA,5,36,188820682.0,1474
CAN,6,36,32571174.0,1475
CHE,42,36,7483934.0,1476
CHL,7,36,16334575.0,1477
CHN,8,36,1311020000.0,1478
COL,9,36,42772910.0,1479
DEU,15,36,82376451.0,1480
DNK,11,36,5437272.0,1481
ESP,40,36,44397319.0,1482
EST,12,36,1346810.0,1483
FIN,13,36,5266268.0,1484
FRA,14,36,63628261.0,1485
GBR,45,36,60846820.0,1486
GRC,16,36,11020362.0,1487
HUN,17,36,10071370.0,1488
IDN,20,36,231797427.0,1489
IND,19,36,1172373788.0,1490
IRL,21,36,4273591.0,1491
ISL,18,36,303782.0,1492
ISR,22,36,7053700.0,1493
ITA,23,36,58143979.0,1494
JPN,24,36,127854000.0,1495
LTU,27,36,3269909.0,1496
LUX,28,36,472637.0,1497
LVA,26,36,2218357.0,1498
MAR,30,36,30833022.0,1499
MEX,29,36,106886790.0,1500
NLD,31,36,16346101.0,1501
NOR,33,36,4660677.0,1502
NZL,32,36,4184600.0,1503
POL,34,36,38141267.0,1504
PRT,35,36,10522288.0,1505
SGP,36,36,4401365.0,1506
SVK,37,36,5373054.0,1507
SVN,38,36,2006868.0,1508
SWE,41,36,9080505.0,1509
THA,43,36,66319525.0,1510
USA,46,36,298379912.0,1511
ZAF,39,36,49491756.0,1512
AUS,2,37,20827622.0,1513
AUT,3,37,8295487.0,1514
BEL,4,37,10625700.0,1515
BRA,5,37,190779453.0,1516
CAN,6,37,32889025.0,1517
CHE,42,37,7551117.0,1518
CHL,7,37,16495538.0,1519
CHN,8,37,1317885000.0,1520
COL,9,37,43306582.0,1521
DEU,15,37,82266372.0,1522
DNK,11,37,5461438.0,1523
ESP,40,37,45226803.0,1524
EST,12,37,1340680.0,1525
FIN,13,37,5288720.0,1526
FRA,14,37,64021737.0,1527
GBR,45,37,61322463.0,1528
GRC,16,37,11048473.0,1529
HUN,17,37,10055780.0,1530
IDN,20,37,234858289.0,1531
IND,19,37,1189691809.0,1532
IRL,21,37,4398942.0,1533
ISL,18,37,311566.0,1534
ISR,22,37,7180100.0,1535
ITA,23,37,58438310.0,1536
JPN,24,37,128001000.0,1537
LTU,27,37,3231294.0,1538
LUX,28,37,479993.0,1539
LVA,26,37,2200325.0,1540
MAR,30,37,31232633.0,1541
MEX,29,37,108302973.0,1542
NLD,31,37,16381696.0,1543
NOR,33,37,4709153.0,1544
NZL,32,37,4223800.0,1545
POL,34,37,38120560.0,1546
PRT,35,37,10542964.0,1547
SGP,36,37,4588599.0,1548
SVK,37,37,5374622.0,1549
SVN,38,37,2018122.0,1550
SWE,41,37,9148092.0,1551
THA,43,37,66826754.0,1552
USA,46,37,301231207.0,1553
ZAF,39,37,49996094.0,1554
AUS,2,38,21249199.0,1555
AUT,3,38,8321496.0,1556
BEL,4,38,10709973.0,1557
BRA,5,38,192672317.0,1558
CAN,6,38,33247118.0,1559
CHE,42,38,7647675.0,1560
CHL,7,38,16661462.0,1561
CHN,8,38,1324655000.0,1562
COL,9,38,43815313.0,1563
DEU,15,38,82110097.0,1564
DNK,11,38,5493621.0,1565
ESP,40,38,45954106.0,1566
EST,12,38,1337090.0,1567
FIN,13,38,5313399.0,1568
FRA,14,38,64379696.0,1569
GBR,45,38,61806995.0,1570
GRC,16,38,11077841.0,1571
HUN,17,38,10038188.0,1572
IDN,20,38,237936543.0,1573
IND,19,38,1206734806.0,1574
IRL,21,38,4489544.0,1575
ISL,18,38,317414.0,1576
ISR,22,38,7308800.0,1577
ITA,23,38,58826731.0,1578
JPN,24,38,128063000.0,1579
LTU,27,38,3198231.0,1580
LUX,28,38,488650.0,1581
LVA,26,38,2177322.0,1582
MAR,30,38,31634992.0,1583
MEX,29,38,109684489.0,1584
NLD,31,38,16445593.0,1585
NOR,33,38,4768212.0,1586
NZL,32,38,4259800.0,1587
POL,34,38,38125759.0,1588
PRT,35,38,10558177.0,1589
SGP,36,38,4839396.0,1590
SVK,37,38,5379233.0,1591
SVN,38,38,2021316.0,1592
SWE,41,38,9219637.0,1593
THA,43,38,67328239.0,1594
USA,46,38,304093966.0,1595
ZAF,39,38,50565812.0,1596
AUS,2,39,21691653.0,1597
AUT,3,39,8343323.0,1598
BEL,4,39,10796493.0,1599
BRA,5,39,194517549.0,1600
CAN,6,39,33628895.0,1601
CHE,42,39,7743831.0,1602
CHL,7,39,16833447.0,1603
CHN,8,39,1331260000.0,1604
COL,9,39,44313917.0,1605
DEU,15,39,81902307.0,1606
DNK,11,39,5523095.0,1607
ESP,40,39,46362946.0,1608
EST,12,39,1334515.0,1609
FIN,13,39,5338871.0,1610
FRA,14,39,64710879.0,1611
GBR,45,39,62276270.0,1612
GRC,16,39,11107017.0,1613
HUN,17,39,10022650.0,1614
IDN,20,39,240981299.0,1615
IND,19,39,1223640160.0,1616
IRL,21,39,4535375.0,1617
ISL,18,39,318499.0,1618
ISR,22,39,7485600.0,1619
ITA,23,39,59095365.0,1620
JPN,24,39,128047000.0,1621
LTU,27,39,3162916.0,1622
LUX,28,39,497783.0,1623
LVA,26,39,2141669.0,1624
MAR,30,39,32042877.0,1625
MEX,29,39,111049428.0,1626
NLD,31,39,16530388.0,1627
NOR,33,39,4828726.0,1628
NZL,32,39,4302600.0,1629
POL,34,39,38151603.0,1630
PRT,35,39,10568247.0,1631
SGP,36,39,4987573.0,1632
SVK,37,39,5386406.0,1633
SVN,38,39,2039669.0,1634
SWE,41,39,9298515.0,1635
THA,43,39,67813654.0,1636
USA,46,39,306771529.0,1637
ZAF,39,39,51170779.0,1638
AUS,2,40,22031750.0,1639
AUT,3,40,8363404.0,1640
BEL,4,40,10895586.0,1641
BRA,5,40,196353492.0,1642
CAN,6,40,34004889.0,1643
CHE,42,40,7824909.0,1644
CHL,7,40,17004162.0,1645
CHN,8,40,1337705000.0,1646
COL,9,40,44816108.0,1647
DEU,15,40,81776930.0,1648
DNK,11,40,5547683.0,1649
ESP,40,40,46576897.0,1650
EST,12,40,1331475.0,1651
FIN,13,40,5363352.0,1652
FRA,14,40,65030575.0,1653
GBR,45,40,62766365.0,1654
GRC,16,40,11121341.0,1655
HUN,17,40,10000023.0,1656
IDN,20,40,244016173.0,1657
IND,19,40,1240613620.0,1658
IRL,21,40,4560155.0,1659
ISL,18,40,318041.0,1660
ISR,22,40,7623600.0,1661
ITA,23,40,59277417.0,1662
JPN,24,40,128070000.0,1663
LTU,27,40,3097282.0,1664
LUX,28,40,506953.0,1665
LVA,26,40,2097555.0,1666
MAR,30,40,32464865.0,1667
MEX,29,40,112532401.0,1668
NLD,31,40,16615394.0,1669
NOR,33,40,4889252.0,1670
NZL,32,40,4350700.0,1671
POL,34,40,38042794.0,1672
PRT,35,40,10573100.0,1673
SGP,36,40,5076732.0,1674
SVK,37,40,5391428.0,1675
SVN,38,40,2048583.0,1676
SWE,41,40,9378126.0,1677
THA,43,40,68270489.0,1678
USA,46,40,309327143.0,1679
ZAF,39,40,51784921.0,1680
AUS,2,41,22340024.0,1681
AUT,3,41,8391643.0,1682
BEL,4,41,11038264.0,1683
BRA,5,41,198185302.0,1684
CAN,6,41,34339328.0,1685
CHE,42,41,7912398.0,1686
CHL,7,41,17173573.0,1687
CHN,8,41,1345035000.0,1688
COL,9,41,45308899.0,1689
DEU,15,41,80274983.0,1690
DNK,11,41,5570572.0,1691
ESP,40,41,46742697.0,1692
EST,12,41,1327439.0,1693
FIN,13,41,5388272.0,1694
FRA,14,41,65345233.0,1695
GBR,45,41,63258810.0,1696
GRC,16,41,11104899.0,1697
HUN,17,41,9971727.0,1698
IDN,20,41,247099697.0,1699
IND,19,41,1257621191.0,1700
IRL,21,41,4580084.0,1701
ISL,18,41,319014.0,1702
ISR,22,41,7765800.0,1703
ITA,23,41,59379449.0,1704
JPN,24,41,127833000.0,1705
LTU,27,41,3028115.0,1706
LUX,28,41,518347.0,1707
LVA,26,41,2059709.0,1708
MAR,30,41,32903699.0,1709
MEX,29,41,114150481.0,1710
NLD,31,41,16693074.0,1711
NOR,33,41,4953088.0,1712
NZL,32,41,4384000.0,1713
POL,34,41,38063255.0,1714
PRT,35,41,10557560.0,1715
SGP,36,41,5183688.0,1716
SVK,37,41,5398384.0,1717
SVN,38,41,2052843.0,1718
SWE,41,41,9449213.0,1719
THA,43,41,68712846.0,1720
USA,46,41,311583481.0,1721
ZAF,39,41,52443325.0,1722
AUS,2,42,22733465.0,1723
AUT,3,42,8429991.0,1724
BEL,4,42,11106932.0,1725
BRA,5,42,199977707.0,1726
CAN,6,42,34714222.0,1727
CHE,42,42,7996861.0,1728
CHL,7,42,17341771.0,1729
CHN,8,42,1354190000.0,1730
COL,9,42,45782417.0,1731
DEU,15,42,80425823.0,1732
DNK,11,42,5591572.0,1733
ESP,40,42,46773055.0,1734
EST,12,42,1322696.0,1735
FIN,13,42,5413971.0,1736
FRA,14,42,65662240.0,1737
GBR,45,42,63700215.0,1738
GRC,16,42,11045011.0,1739
HUN,17,42,9920362.0,1740
IDN,20,42,250222695.0,1741
IND,19,42,1274487215.0,1742
IRL,21,42,4599533.0,1743
ISL,18,42,320716.0,1744
ISR,22,42,7910500.0,1745
ITA,23,42,59539717.0,1746
JPN,24,42,127629000.0,1747
LTU,27,42,2987773.0,1748
LUX,28,42,530946.0,1749
LVA,26,42,2034319.0,1750
MAR,30,42,33352169.0,1751
MEX,29,42,115755909.0,1752
NLD,31,42,16754962.0,1753
NOR,33,42,5018573.0,1754
NZL,32,42,4408100.0,1755
POL,34,42,38063164.0,1756
PRT,35,42,10514844.0,1757
SGP,36,42,5312437.0,1758
SVK,37,42,5407579.0,1759
SVN,38,42,2057159.0,1760
SWE,41,42,9519374.0,1761
THA,43,42,69157023.0,1762
USA,46,42,313877662.0,1763
ZAF,39,42,53145033.0,1764
AUS,2,43,23128129.0,1765
AUT,3,43,8479823.0,1766
BEL,4,43,11159407.0,1767
BRA,5,43,201721767.0,1768
CAN,6,43,35082954.0,1769
CHE,42,43,8089346.0,1770
CHL,7,43,17509925.0,1771
CHN,8,43,1363240000.0,1772
COL,9,43,46237930.0,1773
DEU,15,43,80645605.0,1774
DNK,11,43,5614932.0,1775
ESP,40,43,46620045.0,1776
EST,12,43,1317997.0,1777
FIN,13,43,5438972.0,1778
FRA,14,43,66002289.0,1779
GBR,45,43,64128273.0,1780
GRC,16,43,10965211.0,1781
HUN,17,43,9893082.0,1782
IDN,20,43,253275918.0,1783
IND,19,43,1291132063.0,1784
IRL,21,43,4623816.0,1785
ISL,18,43,323764.0,1786
ISR,22,43,8059500.0,1787
ITA,23,43,60233948.0,1788
JPN,24,43,127445000.0,1789
LTU,27,43,2957689.0,1790
LUX,28,43,543360.0,1791
LVA,26,43,2012647.0,1792
MAR,30,43,33803527.0,1793
MEX,29,43,117290686.0,1794
NLD,31,43,16804432.0,1795
NOR,33,43,5079623.0,1796
NZL,32,43,4442100.0,1797
POL,34,43,38040196.0,1798
PRT,35,43,10457295.0,1799
SGP,36,43,5399162.0,1800
SVK,37,43,5413393.0,1801
SVN,38,43,2059953.0,1802
SWE,41,43,9600379.0,1803
THA,43,43,69578602.0,1804
USA,46,43,316059947.0,1805
ZAF,39,43,53873616.0,1806
AUS,2,44,23475686.0,1807
AUT,3,44,8546356.0,1808
BEL,4,44,11209057.0,1809
BRA,5,44,203459650.0,1810
CAN,6,44,35437435.0,1811
CHE,42,44,8188649.0,1812
CHL,7,44,17687108.0,1813
CHN,8,44,1371860000.0,1814
COL,9,44,46677947.0,1815
DEU,15,44,80982500.0,1816
DNK,11,44,5643475.0,1817
ESP,40,44,46480882.0,1818
EST,12,44,1314545.0,1819
FIN,13,44,5461512.0,1820
FRA,14,44,66312067.0,1821
GBR,45,44,64602298.0,1822
GRC,16,44,10892413.0,1823
HUN,17,44,9866468.0,1824
IDN,20,44,256229761.0,1825
IND,19,44,1307246509.0,1826
IRL,21,44,4657740.0,1827
ISL,18,44,327386.0,1828
ISR,22,44,8215700.0,1829
ITA,23,44,60789140.0,1830
JPN,24,44,127276000.0,1831
LTU,27,44,2932367.0,1832
LUX,28,44,556319.0,1833
LVA,26,44,1993782.0,1834
MAR,30,44,34248603.0,1835
MEX,29,44,118755887.0,1836
NLD,31,44,16865008.0,1837
NOR,33,44,5137232.0,1838
NZL,32,44,4516500.0,1839
POL,34,44,38011735.0,1840
PRT,35,44,10401062.0,1841
SGP,36,44,5469724.0,1842
SVK,37,44,5418649.0,1843
SVN,38,44,2061980.0,1844
SWE,41,44,9696110.0,1845
THA,43,44,69960943.0,1846
USA,46,44,318386329.0,1847
ZAF,39,44,54729551.0,1848
AUS,2,45,23815995.0,1849
AUT,3,45,8642699.0,1850
BEL,4,45,11274196.0,1851
BRA,5,45,205188205.0,1852
CAN,6,45,35702908.0,1853
CHE,42,45,8282396.0,1854
CHL,7,45,17870124.0,1855
CHN,8,45,1379860000.0,1856
COL,9,45,47119728.0,1857
DEU,15,45,81686611.0,1858
DNK,11,45,5683483.0,1859
ESP,40,45,46444832.0,1860
EST,12,45,1315407.0,1861
FIN,13,45,5479531.0,1862
FRA,14,45,66548272.0,1863
GBR,45,45,65116219.0,1864
GRC,16,45,10820883.0,1865
HUN,17,45,9843028.0,1866
IDN,20,45,259091970.0,1867
IND,19,45,1322866505.0,1868
IRL,21,45,4701957.0,1869
ISL,18,45,330815.0,1870
ISR,22,45,8380100.0,1871
ITA,23,45,60730582.0,1872
JPN,24,45,127141000.0,1873
LTU,27,45,2904910.0,1874
LUX,28,45,569604.0,1875
LVA,26,45,1977527.0,1876
MAR,30,45,34680458.0,1877
MEX,29,45,120149897.0,1878
NLD,31,45,16939923.0,1879
NOR,33,45,5188607.0,1880
NZL,32,45,4609400.0,1881
POL,34,45,37986412.0,1882
PRT,35,45,10358076.0,1883
SGP,36,45,5535002.0,1884
SVK,37,45,5423801.0,1885
SVN,38,45,2063531.0,1886
SWE,41,45,9799186.0,1887
THA,43,45,70294397.0,1888
USA,46,45,320738994.0,1889
ZAF,39,45,55876504.0,1890
AUS,2,46,24190907.0,1891
AUT,3,46,8736668.0,1892
BEL,4,46,11331422.0,1893
BRA,5,46,206859578.0,1894
CAN,6,46,36109487.0,1895
CHE,42,46,8373338.0,1896
CHL,7,46,18083879.0,1897
CHN,8,46,1387790000.0,1898
COL,9,46,47625955.0,1899
DEU,15,46,82348669.0,1900
DNK,11,46,5728010.0,1901
ESP,40,46,46484062.0,1902
EST,12,46,1315790.0,1903
FIN,13,46,5495303.0,1904
FRA,14,46,66724104.0,1905
GBR,45,46,65611593.0,1906
GRC,16,46,10775971.0,1907
HUN,17,46,9814023.0,1908
IDN,20,46,261850182.0,1909
IND,19,46,1338636340.0,1910
IRL,21,46,4755335.0,1911
ISL,18,46,335439.0,1912
ISR,22,46,8546000.0,1913
ITA,23,46,60627498.0,1914
JPN,24,46,127076000.0,1915
LTU,27,46,2868231.0,1916
LUX,28,46,582014.0,1917
LVA,26,46,1959537.0,1918
MAR,30,46,35107264.0,1919
MEX,29,46,121519221.0,1920
NLD,31,46,17030314.0,1921
NOR,33,46,5234519.0,1922
NZL,32,46,4714100.0,1923
POL,34,46,37970087.0,1924
PRT,35,46,10325452.0,1925
SGP,36,46,5607283.0,1926
SVK,37,46,5430798.0,1927
SVN,38,46,2065042.0,1928
SWE,41,46,9923085.0,1929
THA,43,46,70607037.0,1930
USA,46,46,323071755.0,1931
ZAF,39,46,56422274.0,1932
AUS,2,47,24594202.0,1933
AUT,3,47,8797566.0,1934
BEL,4,47,11375158.0,1935
BRA,5,47,208504960.0,1936
CAN,6,47,36545236.0,1937
CHE,42,47,8451840.0,1938
CHL,7,47,18368577.0,1939
CHN,8,47,1396215000.0,1940
COL,9,47,48351671.0,1941
DEU,15,47,82657002.0,1942
DNK,11,47,5764980.0,1943
ESP,40,47,46593236.0,1944
EST,12,47,1317384.0,1945
FIN,13,47,5508214.0,1946
FRA,14,47,66918020.0,1947
GBR,45,47,66058859.0,1948
GRC,16,47,10754679.0,1949
HUN,17,47,9787966.0,1950
IDN,20,47,264498852.0,1951
IND,19,47,1354195680.0,1952
IRL,21,47,4807388.0,1953
ISL,18,47,343400.0,1954
ISR,22,47,8713300.0,1955
ITA,23,47,60536709.0,1956
JPN,24,47,126972000.0,1957
LTU,27,47,2828403.0,1958
LUX,28,47,596336.0,1959
LVA,26,47,1942248.0,1960
MAR,30,47,35528115.0,1961
MEX,29,47,122839258.0,1962
NLD,31,47,17131296.0,1963
NOR,33,47,5276968.0,1964
NZL,32,47,4813600.0,1965
POL,34,47,37974826.0,1966
PRT,35,47,10300300.0,1967
SGP,36,47,5612253.0,1968
SVK,37,47,5439232.0,1969
SVN,38,47,2066388.0,1970
SWE,41,47,10057698.0,1971
THA,43,47,70898202.0,1972
USA,46,47,325122128.0,1973
ZAF,39,47,56641209.0,1974
AUS,2,48,24966643.0,1975
AUT,3,48,8840521.0,1976
BEL,4,48,11427054.0,1977
BRA,5,48,210166592.0,1978
CAN,6,48,37065084.0,1979
CHE,42,48,8514329.0,1980
CHL,7,48,18701450.0,1981
CHN,8,48,1402760000.0,1982
COL,9,48,49276961.0,1983
DEU,15,48,82905782.0,1984
DNK,11,48,5793636.0,1985
ESP,40,48,46797754.0,1986
EST,12,48,1321977.0,1987
FIN,13,48,5515525.0,1988
FRA,14,48,67158348.0,1989
GBR,45,48,66460344.0,1990
GRC,16,48,10732882.0,1991
HUN,17,48,9775564.0,1992
IDN,20,48,267066843.0,1993
IND,19,48,1369003306.0,1994
IRL,21,48,4867316.0,1995
ISL,18,48,352721.0,1996
ISR,22,48,8882800.0,1997
ITA,23,48,60421760.0,1998
JPN,24,48,126811000.0,1999
LTU,27,48,2801543.0,2000
LUX,28,48,607950.0,2001
LVA,26,48,1927174.0,2002
MAR,30,48,35927511.0,2003
MEX,29,48,124013861.0,2004
NLD,31,48,17231624.0,2005
NOR,33,48,5311916.0,2006
NZL,32,48,4900600.0,2007
POL,34,48,37974750.0,2008
PRT,35,48,10283822.0,2009
SGP,36,48,5638676.0,2010
SVK,37,48,5446771.0,2011
SVN,38,48,2073894.0,2012
SWE,41,48,10175214.0,2013
THA,43,48,71127802.0,2014
USA,46,48,326838199.0,2015
ZAF,39,48,57339635.0,2016
AUS,2,49,25340217.0,2017
AUT,3,49,8879920.0,2018
BEL,4,49,11488980.0,2019
BRA,5,49,211782878.0,2020
CAN,6,49,37601230.0,2021
CHE,42,49,8575280.0,2022
CHL,7,49,19039485.0,2023
CHN,8,49,1407745000.0,2024
COL,9,49,50187406.0,2025
DEU,15,49,83092962.0,2026
DNK,11,49,5814422.0,2027
ESP,40,49,47134837.0,2028
EST,12,49,1326898.0,2029
FIN,13,49,5521606.0,2030
FRA,14,49,67388001.0,2031
GBR,45,49,66836327.0,2032
GRC,16,49,10721582.0,2033
HUN,17,49,9771141.0,2034
IDN,20,49,269582878.0,2035
IND,19,49,1383112050.0,2036
IRL,21,49,4934340.0,2037
ISL,18,49,360563.0,2038
ISR,22,49,9054000.0,2039
ITA,23,49,59729081.0,2040
JPN,24,49,126633000.0,2041
LTU,27,49,2794137.0,2042
LUX,28,49,620001.0,2043
LVA,26,49,1913822.0,2044
MAR,30,49,36304408.0,2045
MEX,29,49,125085311.0,2046
NLD,31,49,17344874.0,2047
NOR,33,49,5347896.0,2048
NZL,32,49,4979200.0,2049
POL,34,49,37965475.0,2050
PRT,35,49,10286263.0,2051
SGP,36,49,5703569.0,2052
SVK,37,49,5454147.0,2053
SVN,38,49,2088385.0,2054
SWE,41,49,10278887.0,2055
THA,43,49,71307763.0,2056
USA,46,49,328329953.0,2057
ZAF,39,49,58087055.0,2058
AUS,2,50,25655289.0,2059
AUT,3,50,8916864.0,2060
BEL,4,50,11538604.0,2061
BRA,5,50,213196304.0,2062
CAN,6,50,38007166.0,2063
CHE,42,50,8638167.0,2064
CHL,7,50,19300315.0,2065
CHN,8,50,1411100000.0,2066
COL,9,50,50930662.0,2067
DEU,15,50,83160871.0,2068
DNK,11,50,5831404.0,2069
ESP,40,50,47365655.0,2070
EST,12,50,1329522.0,2071
FIN,13,50,5529543.0,2072
FRA,14,50,67571107.0,2073
GBR,45,50,67081234.0,2074
GRC,16,50,10698599.0,2075
HUN,17,50,9750149.0,2076
IDN,20,50,271857970.0,2077
IND,19,50,1396387127.0,2078
IRL,21,50,4985382.0,2079
ISL,18,50,366463.0,2080
ISR,22,50,9215100.0,2081
ITA,23,50,59438851.0,2082
JPN,24,50,126261000.0,2083
LTU,27,50,2794885.0,2084
LUX,28,50,630419.0,2085
LVA,26,50,1900449.0,2086
MAR,30,50,36688772.0,2087
MEX,29,50,125998302.0,2088
NLD,31,50,17441500.0,2089
NOR,33,50,5379475.0,2090
NZL,32,50,5090200.0,2091
POL,34,50,37899070.0,2092
PRT,35,50,10297081.0,2093
SGP,36,50,5685807.0,2094
SVK,37,50,5458827.0,2095
SVN,38,50,2102419.0,2096
SWE,41,50,10353442.0,2097
THA,43,50,71475664.0,2098
USA,46,50,331511512.0,2099
ZAF,39,50,58801927.0,2100
AUS,2,51,25688079.0,2101
AUT,3,51,8955797.0,2102
BEL,4,51,11592952.0,2103
BRA,5,51,214326223.0,2104
CAN,6,51,38226498.0,2105
CHE,42,51,8703405.0,2106
CHL,7,51,19493184.0,2107
CHN,8,51,1412360000.0,2108
COL,9,51,51516562.0,2109
DEU,15,51,83196078.0,2110
DNK,11,51,5856733.0,2111
ESP,40,51,47415750.0,2112
EST,12,51,1330932.0,2113
FIN,13,51,5541017.0,2114
FRA,14,51,67749632.0,2115
GBR,45,51,67026300.0,2116
GRC,16,51,10641221.0,2117
HUN,17,51,9709891.0,2118
IDN,20,51,273753191.0,2119
IND,19,51,1407563842.0,2120
IRL,21,51,5033165.0,2121
ISL,18,51,372520.0,2122
ISR,22,51,9364700.0,2123
ITA,23,51,59109668.0,2124
JPN,24,51,125681593.0,2125
LTU,27,51,2800839.0,2126
LUX,28,51,640064.0,2127
LVA,26,51,1884490.0,2128
MAR,30,51,37076584.0,2129
MEX,29,51,126705138.0,2130
NLD,31,51,17533044.0,2131
NOR,33,51,5408320.0,2132
NZL,32,51,5111400.0,2133
POL,34,51,37747124.0,2134
PRT,35,51,10325147.0,2135
SGP,36,51,5453566.0,2136
SVK,37,51,5447247.0,2137
SVN,38,51,2108079.0,2138
SWE,41,51,10415811.0,2139
THA,43,51,71601103.0,2140
USA,46,51,332031554.0,2141
ZAF,39,51,59392255.0,2142
